Price,Area,BHK,Location
"₹
1.48 Cr",1710 sqft,"3 BHK Flat for Sale in Tellapur, Outer Ring Road, Hyderabad","3 BHK Flat for Sale in Tellapur, Outer Ring Road, Hyderabad"
"₹
1.72 Cr",1920 sqft,"3 BHK Flat for Sale in Begumpet, Hyderabad","3 BHK Flat for Sale in Begumpet, Hyderabad"
"₹
62.4 Lac",1248 sqft,"2 BHK Flat for Sale in Suchitra Road, Hyderabad","2 BHK Flat for Sale in Suchitra Road, Hyderabad"
"₹
3.21 Cr",4400 sqft,"4 BHK Flat for Sale in Osman Nagar, Hyderabad","4 BHK Flat for Sale in Osman Nagar, Hyderabad"
"₹
4.50 Cr",3278 sqft,"4 BHK Flat for Sale in Somajiguda, NH 9, Hyderabad","4 BHK Flat for Sale in Somajiguda, NH 9, Hyderabad"
"₹
1.09 Cr",1823 sqft,"3 BHK Flat for Sale in Patancheruvu, Hyderabad","3 BHK Flat for Sale in Patancheruvu, Hyderabad"
"₹
6.27 Cr",5454 sqft,"4 BHK Flat for Sale in Puppalguda, Hyderabad","4 BHK Flat for Sale in Puppalguda, Hyderabad"
"₹
5.45 Cr",3078 sqft,"3 BHK Flat for Sale in Kokapet, Outer Ring Road, Hyderabad","3 BHK Flat for Sale in Kokapet, Outer Ring Road, Hyderabad"
"₹
1.22 Cr",1585 sqft,"3 BHK Flat for Sale in Patancheruvu, Hyderabad","3 BHK Flat for Sale in Patancheruvu, Hyderabad"
"₹
1 Cr",1840 sqft,"3 BHK Flat for Sale in Patancheruvu, Hyderabad","3 BHK Flat for Sale in Patancheruvu, Hyderabad"
"₹
1.37 Cr",1725 sqft,"3 BHK Flat for Sale in Tellapur, Outer Ring Road, Hyderabad","3 BHK Flat for Sale in Tellapur, Outer Ring Road, Hyderabad"
"₹
3.16 Cr",3571 sqft,"4 BHK Flat for Sale in Rajendranagar Mandal, Hyderabad","4 BHK Flat for Sale in Rajendranagar Mandal, Hyderabad"
"₹
5.61 Cr",5350 sqft,"4 BHK Flat for Sale in Kokapet, Outer Ring Road, Hyderabad","4 BHK Flat for Sale in Kokapet, Outer Ring Road, Hyderabad"
"₹
2.72 Cr",2651 sqft,"4 BHK Flat for Sale in Budwel, Hyderabad","4 BHK Flat for Sale in Budwel, Hyderabad"
"₹
6.27 Cr",5454 sqft,"4 BHK Flat for Sale in Puppalguda, Hyderabad","4 BHK Flat for Sale in Puppalguda, Hyderabad"
"₹
1.83 Cr",2555 sqft,"3 BHK Flat for Sale in Tellapur, Outer Ring Road, Hyderabad","3 BHK Flat for Sale in Tellapur, Outer Ring Road, Hyderabad"
"₹
8.53 Cr",6099 sqft,"4 BHK Flat for Sale in Khajaguda, Hyderabad","4 BHK Flat for Sale in Khajaguda, Hyderabad"
"₹
6.35 Cr",4123 sqft,"4 BHK Flat for Sale in Kokapet, Outer Ring Road, Hyderabad","4 BHK Flat for Sale in Kokapet, Outer Ring Road, Hyderabad"
"₹
5.45 Cr",3078 sqft,"3 BHK Flat for Sale in Kokapet, Outer Ring Road, Hyderabad","3 BHK Flat for Sale in Kokapet, Outer Ring Road, Hyderabad"
"₹
2.58 Cr",3065 sqft,"4 BHK Flat for Sale in Budwel, Hyderabad","4 BHK Flat for Sale in Budwel, Hyderabad"
"₹
2.44 Cr",2100 sqft,"3 BHK Flat for Sale in Kondapur, Hyderabad","3 BHK Flat for Sale in Kondapur, Hyderabad"
"₹
1.82 Cr",3135 sqft,"3 BHK Flat for Sale in Mokila, Hyderabad","3 BHK Flat for Sale in Mokila, Hyderabad"
"₹
1.34 Cr",2345 sqft,"3 BHK Flat for Sale in Kollur, Outer Ring Road, Hyderabad","3 BHK Flat for Sale in Kollur, Outer Ring Road, Hyderabad"
"₹
1.73 Cr",2277 sqft,"3 BHK Flat for Sale in Osman Nagar, Hyderabad","3 BHK Flat for Sale in Osman Nagar, Hyderabad"
"₹
1.69 Cr",2350 sqft,"3 BHK Flat for Sale in Tellapur, Outer Ring Road, Hyderabad","3 BHK Flat for Sale in Tellapur, Outer Ring Road, Hyderabad"
"₹
1.15 Cr",2114 sqft,"3 BHK Flat for Sale in Patancheruvu, Hyderabad","3 BHK Flat for Sale in Patancheruvu, Hyderabad"
"₹
2.38 Cr",2165 sqft,"3 BHK Flat for Sale in Kokapet, Outer Ring Road, Hyderabad","3 BHK Flat for Sale in Kokapet, Outer Ring Road, Hyderabad"
"₹
89.7 Lac",1725 sqft,"3 BHK Flat for Sale in Medipally, Hyderabad","3 BHK Flat for Sale in Medipally, Hyderabad"
"₹
98.8 Lac",1775 sqft,"3 BHK Flat for Sale in Gandi Maisamma, Outer Ring Road, Hyderabad","3 BHK Flat for Sale in Gandi Maisamma, Outer Ring Road, Hyderabad"
"₹
1.22 Cr",1585 sqft,"3 BHK Flat for Sale in Patancheruvu, Hyderabad","3 BHK Flat for Sale in Patancheruvu, Hyderabad"
